from,to
ThurmanUma,KissDaddyGoodnight
ThurmanUma,JohnnyBeGood
ThurmanUma,TheAdventuresOfBaronMunchausen
ThurmanUma,DangerousLiaisons
ThurmanUma,WhereTheHeartIs
ThurmanUma,HenryAndJune
ThurmanUma,DylanThomas
ThurmanUma,FinalAnalysis
ThurmanUma,JenniferEight
ThurmanUma,MadDogAndGlory
ThurmanUma,EvenCowgirlsGetTheBlues
ThurmanUma,PulpFiction
ThurmanUma,AMonthByTheLake
ThurmanUma,BeautifulGirls
ThurmanUma,TheTruthAboutCatsAndDogs
ThurmanUma,FourTalesOfTwoCities
ThurmanUma,RobinAndBatman
ThurmanUma,Gattaca
ThurmanUma,LesMiserables
ThurmanUma,TheAvengers1998
ThurmanUma,SweetAndLowdown
ThurmanUma,Vatel
ThurmanUma,TheGoldenBowl
ThurmanUma,Tape
ThurmanUma,ChelseaWalls
ThurmanUma,HystericalBlindness
ThurmanUma,KillBillVol1
ThurmanUma,BeCool
ThurmanUma,Prime
ThurmanUma,TheNakedBrothersBandTheMovie
ThurmanUma,MySuperExGirlfriend
ThurmanUma,TheLifeBeforeHerEyes
ThurmanUma,TheAccidentalHusband
ThurmanUma,MyZincBed
ThurmanUma,AMuppetsChristmasLettersToSanta
ThurmanUma,Motherhood
ThurmanUma,PercyJacksonAndTheOlympiansTheLightningThief
ThurmanUma,Ceremony
ThurmanUma,BelAmi
ThurmanUma,PlayingForKeeps
ThurmanUma,Movie43
ThurmanUma,NymphomaniacVol2
ThurmanUma,NymphomaniacVol1
ThurmanUma,Burnt
ThurmanUma,TheConIsOn
ThurmanUma,TheHouseThatJackBuilt
ThurmanUma,DownADarkHall
SorvinoMira,TheStuff
SorvinoMira,AmongstFriends
SorvinoMira,NewYorkUndercoverCop
SorvinoMira,Barcelona
SorvinoMira,ParallelLives
SorvinoMira,QuizShow
SorvinoMira,TheSecondGreatestStoryEverTold
SorvinoMira,BlueInTheFace
SorvinoMira,Tarantella
SorvinoMira,SweetNothing
SorvinoMira,MightyAphrodite
SorvinoMira,BeautifulGirls
SorvinoMira,JakesWomen
SorvinoMira,NormaJeanAndMarilyn
SorvinoMira,TalesOfErotica
SorvinoMira,RomyAndMichelesHighSchoolReunion
SorvinoMira,Mimic
SorvinoMira,TheReplacementKillers
SorvinoMira,TooTiredToDie
SorvinoMira,LuluOnTheBridge
SorvinoMira,WelcomeToHollywood
SorvinoMira,FreeMoney
SorvinoMira,AtFirstSight
SorvinoMira,SummerOfSam
SorvinoMira,TheGreatGatsby
SorvinoMira,LisaPicardIsFamous
SorvinoMira,TheTriumphOfLove
SorvinoMira,TheGreyZone
SorvinoMira,WiseGirls
SorvinoMira,SemanaSanta
SorvinoMira,BetweenStrangers
SorvinoMira,GodsAndGenerals
SorvinoMira,TheFinalCut
SorvinoMira,ReservationRoad
SorvinoMira,LikeDandelionDust
SorvinoMira,Leningrad
SorvinoMira,MultipleSarcasms
SorvinoMira,ThePresence
SorvinoMira,AngelsCrest
SorvinoMira,UnionSquare
SorvinoMira,JeremyFinkAndTheMeaningOfLife
SorvinoMira,TheTroubleWithCali
SorvinoMira,Smitty
SorvinoMira,TradeOfInnocents
SorvinoMira,FindingMrsClaus
SorvinoMira,SpaceWarriors
SorvinoMira,Trooper
SorvinoMira,Gaffigan
SorvinoMira,PerfectSisters
SorvinoMira,Quitters
SorvinoMira,DoYouBelieve
SorvinoMira,ChloeAndTheo
SorvinoMira,Exposed
SorvinoMira,Indiscretion
SorvinoMira,MothersAndDaughters
SorvinoMira,TheRedMapleLeaf
SorvinoMira,AChristmasToRemember
SorvinoMira,6BelowMiracleOnTheMountain
SorvinoMira,ADogAndPonyShow
SorvinoMira,NoOneWouldTell
SorvinoMira,WaterlilyJaguar
SorvinoMira,LookAway
BeckinsaleKate,TheLastDaysOfDisco
BeckinsaleKate,AliceThroughTheLookingGlass
BeckinsaleKate,BrokedownPalace
BeckinsaleKate,TheGoldenBowl
BeckinsaleKate,PearlHarbor
BeckinsaleKate,Serendipity
BeckinsaleKate,LaurelCanyon
BeckinsaleKate,Tiptoes
BeckinsaleKate,VanHelsing
BeckinsaleKate,TheAviator2004
BeckinsaleKate,UnderworldEvolution
BeckinsaleKate,Click
BeckinsaleKate,SnowAngels
BeckinsaleKate,Vacancy
BeckinsaleKate,WingedCreatures
BeckinsaleKate,NothingButTheTruth
BeckinsaleKate,UnderworldRiseOfTheLycans
BeckinsaleKate,Whiteout
BeckinsaleKate,EverybodysFine
BeckinsaleKate,Contraband
BeckinsaleKate,UnderworldAwakening
BeckinsaleKate,TotalRecall
BeckinsaleKate,TheTrialsOfCateMcCall
BeckinsaleKate,ElizaGraves
BeckinsaleKate,TheFaceOfAnAngel
BeckinsaleKate,AbsolutelyAnything
BeckinsaleKate,LoveAndFriendship
BeckinsaleKate,TheDisappointmentsRoom
BeckinsaleKate,Underworld5BloodWars
BeckinsaleKate,TheOnlyLivingBoyInNewYork
BeckinsaleKate,Farming
PaltrowGwyneth,Shout
PaltrowGwyneth,Hook
PaltrowGwyneth,DeadlyRelations
PaltrowGwyneth,Malice
PaltrowGwyneth,MrsParkerAndTheViciousCircle
PaltrowGwyneth,MoonlightAndValentino
PaltrowGwyneth,ThePallbearer
PaltrowGwyneth,SlidingDoors
PaltrowGwyneth,GreatExpectations
PaltrowGwyneth,APerfectMurder
PaltrowGwyneth,Hush
PaltrowGwyneth,ShakespeareInLove
PaltrowGwyneth,TheTalentedMrRipley
PaltrowGwyneth,Duets
PaltrowGwyneth,Bounce
PaltrowGwyneth,TheAnniversaryParty
PaltrowGwyneth,TheRoyalTenenbaums
PaltrowGwyneth,ShallowHal
PaltrowGwyneth,AustinPowersInGoldmember
PaltrowGwyneth,Possession
PaltrowGwyneth,Sylvia
PaltrowGwyneth,SkyCaptainAndTheWorldOfTomorrow
PaltrowGwyneth,Proof
PaltrowGwyneth,Infamous
PaltrowGwyneth,RunningWithScissors
PaltrowGwyneth,TheGoodNight
PaltrowGwyneth,IronMan1
PaltrowGwyneth,TwoLovers
PaltrowGwyneth,PashmyDream
PaltrowGwyneth,IronMan2
PaltrowGwyneth,CountryStrong
PaltrowGwyneth,Contageon
PaltrowGwyneth,TheAvengers2012
PaltrowGwyneth,Mortdecai
PaltrowGwyneth,SpiderManHomecoming
McGowanRose,ClassOf1999
McGowanRose,TrueColors
McGowanRose,EncinoMan
McGowanRose,TheDoomGeneration
McGowanRose,BudAndDoyle
McGowanRose,Scream
McGowanRose,Seed
McGowanRose,LewisAndClarkAndGeorge
McGowanRose,GoingAllTheWay
McGowanRose,Nowhere
McGowanRose,KissAndTell
McGowanRose,Phantoms
McGowanRose,DevilInTheFlesh
McGowanRose,Southie
McGowanRose,Jawbreaker
McGowanRose,SleepingBeauties
McGowanRose,MarilynMansonComaWhite
McGowanRose,ReadyToRumble
McGowanRose,TheLastStop
McGowanRose,Monkeybone
McGowanRose,WhatAboutJoan
McGowanRose,KillingYard
McGowanRose,StrangeHearts
McGowanRose,Vacuums
McGowanRose,Elvis
McGowanRose,TheBlackDahlia
McGowanRose,Grindhouse
McGowanRose,DeathProof
McGowanRose,PlanetTerror
McGowanRose,FiftyDeadMenWalking
McGowanRose,BlackOasis
McGowanRose,NipTuck
McGowanRose,TheMultiHyphenate
McGowanRose,Machete
McGowanRose,DeadAwake
McGowanRose,WomenInChains
McGowanRose,TheJetsons
McGowanRose,Boop
McGowanRose,Conan
McGowanRose,RosewoodLane
McGowanRose,ThePastorsWife
McGowanRose,DoctorLollipop
McGowanRose,MondoTaurobolium
McGowanRose,Chosen
McGowanRose,TheWeightOfBloodAndBones
McGowanRose,TheTellTaleHeart
McGowanRose,TheCagedPillows
McGowanRose,UltimateSpiderMan
McGowanRose,Heresy
McGowanRose,TheSound
McGowanRose,WomansWomb
McGowanRose,FireInCairo
McGowanRose,NicholasKirkwoodResistance
PolleySarah,NightHeat
PolleySarah,Confidential
PolleySarah,ScreenTwo
PolleySarah,Prettykill
PolleySarah,HandsOfAStranger
PolleySarah,BlueMonkey
PolleySarah,TheBigTown
PolleySarah,TheAdventuresofBaronMunchausen
PolleySarah,Ramona
PolleySarah,BabarTheMovie
PolleySarah,LanternHill
PolleySarah,JohannsGiftToChristmas
PolleySarah,TheHiddenRoom
PolleySarah,TakeAnotherLook
PolleySarah,Exotica
PolleySarah,RoadToAvonlea
PolleySarah,StraightUp
PolleySarah,JoesSoMeanToJosephine
PolleySarah,ChildrenFirst
PolleySarah,TheSweetHereafter
PolleySarah,TheHangingGarden
PolleySarah,ThePlanetOfJuniorBrown
PolleySarah,JerryAndTom
PolleySarah,WhiteLies
PolleySarah,LastNight
PolleySarah,Guinevere
PolleySarah,eXistenZ
PolleySarah,TheLifeBeforeThis
PolleySarah,LoveComeDown
PolleySarah,TheWeightOfWater
PolleySarah,TheLawOfEnclosures
PolleySarah,TheClaim
PolleySarah,ThisMightBeGood
PolleySarah,NoSuchThing
PolleySarah,TheEvent
PolleySarah,MyLifeWithoutMe
PolleySarah,DermottsQuest
PolleySarah,Luck
PolleySarah,DawnOfTheDead
PolleySarah,Sugar2004
PolleySarah,Siblings
PolleySarah,DontComeKnocking
PolleySarah,TheSecretLifeOfWords
PolleySarah,BeowulfAndGrendel
PolleySarah,SlingsAndArrows
PolleySarah,JohnAdams
PolleySarah,MrNobody
PolleySarah,Splice
PolleySarah,Trigger
YoungSean,JaneAustenInManhattan
YoungSean,Stripes
YoungSean,BladeRunner
YoungSean,YoungDoctorsInLove
YoungSean,Dune
YoungSean,BabySecretOfTheLostLegend
YoungSean,BloodAndOrchids
YoungSean,NoWayOut
YoungSean,WallStreet
YoungSean,TheBoost
YoungSean,Cousins
YoungSean,FireBirds
YoungSean,AKissBeforeDying
YoungSean,LoveCrimes
YoungSean,OnceUponACrime
YoungSean,SketchArtist
YoungSean,HoldMeThrillMeKissMe
YoungSean,BlueIce
YoungSean,EvenCowgirlsGetTheBlues
YoungSean,FatalInstinct
YoungSean,AceVenturaPetDetective
YoungSean,WitnessToTheExecution
YoungSean,ModelByDay
YoungSean,Mirage
YoungSean,DrJekyllAndMsHyde
YoungSean,Bolt
YoungSean,EvilHasAFace
YoungSean,TheProprietor
YoungSean,EverythingToGain
YoungSean,GekijobanFurandaasuNoInu
YoungSean,ExceptionToTheRule
YoungSean,TheInvader
YoungSean,MotelBlue
YoungSean,OutOfControl
YoungSean,SpecialDelivery
YoungSean,PoorWhiteTrash
YoungSean,SecretCutting
YoungSean,TheAmatiGirls
YoungSean,SugarAndSpice
YoungSean,MockingbirdDontSing
YoungSean,NightClass
YoungSean,Aftermath
YoungSean,TheHouseNextDoor
YoungSean,ThreatOfExposure
YoungSean,BeforeISayGoodbye
YoungSean,1stToDie
YoungSean,TheKingAndQueenOfMoonlightBay
YoungSean,UntilTheNight
YoungSean,AKillerWithin
YoungSean,InTheShadowOfTheCobra
YoungSean,GhostsNeverSleep
YoungSean,ThirdManOut
YoungSean,Headspace
YoungSean,HomeForTheHolidays
YoungSean,TheGarden
YoungSean,LivingTheDream
YoungSean,AJobToKillFor
YoungSean,TheDrop
YoungSean,JesseStoneSeaChange
YoungSean,TheManWhoCameBack
YoungSean,Parasomnia
YoungSean,HauntedEchoes
YoungSean,TheRepublic
YoungSean,TheBlackDove
YoungSean,AttackOfThe50FootCheerleader
YoungSean,SendNoFlowers
YoungSean,JugFace
YoungSean,Gingerclown
YoungSean,Complicity
YoungSean,RandomEncounters
YoungSean,MyTripBackToTheDarkSide
YoungSean,CharlieMantle
YoungSean,MyManIsALoser
YoungSean,MARRA
YoungSean,TheNetworker
YoungSean,Darling
YoungSean,BoneTomahawk
YoungSean,Videola
YoungSean,LeavesOfTheTree
YoungSean,ConfidenceGame
YoungSean,Future38
YoungSean,PoliceState
YoungSean,LostCatCorona
YoungSean,InVino
YoungSean,EscapeRoom
YoungSean,BladeRunner2046
YoungSean,SomewhereOnlyWeKnow
YoungSean,HealedByGrace2
SagemillerMelissa,GetOverIt
SagemillerMelissa,SoulSurvivors
SagemillerMelissa,SororityBoys
SagemillerMelissa,LoveObject
SagemillerMelissa,TheClearing
SagemillerMelissa,LifeOnTheLedge
SagemillerMelissa,StandingStill
SagemillerMelissa,TheGuardian
SagemillerMelissa,MrWoodcock
SagemillerMelissa,InFidelity
SagemillerMelissa,TheRockfordFiles
SagemillerMelissa,AllIWantForChristmas
SagemillerMelissa,TheSantaCon
SeydouxLea,MesCopines
SeydouxLea,UneVieilleMaitresse
SeydouxLea,13FrenchStreet
SeydouxLea,LesVacancesDeClemence
SeydouxLea,DeLaGuerre
SeydouxLea,DesPoupeesEtDesAnges
SeydouxLea,LaBellePersonne
SeydouxLea,DesIllusions
SeydouxLea,InglouriousBasterds
SeydouxLea,Lourdes
SeydouxLea,PleinSud
SeydouxLea,SansLaisserDeTraces
SeydouxLea,RobinHood
SeydouxLea,BelleEpine
SeydouxLea,PetitTailleur
SeydouxLea,RosesACredit
SeydouxLea,MisteriosDeLisboa
SeydouxLea,LeRomanDeMaFemme
SeydouxLea,MidnightInParis
SeydouxLea,TimeDoesntStandStill
SeydouxLea,MissionImpossibleGhostProtocol
SeydouxLea,LesAdieuxALaReine
SeydouxLea,LenfantDenHaut
SeydouxLea,GrandCentral
SeydouxLea,LaVieDadele
SeydouxLea,TheGrandBudapestHotel
SeydouxLea,LaBelleEtLaBete
SeydouxLea,SaintLaurent
SeydouxLea,JournalDuneFemmeDeChambre
SeydouxLea,TheLobster
SeydouxLea,Spectre
SeydouxLea,JusteLaFinDuMonde
SeydouxLea,Zoe
SeydouxLea,Kursk
SciorraAnnabella,TrueLove
SciorraAnnabella,InternalAffairs
SciorraAnnabella,CadillacMan
SciorraAnnabella,ReversalOfFortune
SciorraAnnabella,WomenOnTheInside
SciorraAnnabella,TheHardWay
SciorraAnnabella,JungleFever
SciorraAnnabella,TheHandThatRocksTheCradle
SciorraAnnabella,WhispersInTheDark
SciorraAnnabella,TheNightWeNeverMet
SciorraAnnabella,RomeoIsBleeding
SciorraAnnabella,MrWonderful
SciorraAnnabella,TheAddiction
SciorraAnnabella,TheCure
SciorraAnnabella,FavoriteDeadlySins
SciorraAnnabella,TheInnocentSleep
SciorraAnnabella,Underworld2003
SciorraAnnabella,TheFuneral
SciorraAnnabella,Asteroid
SciorraAnnabella,LittleCity
SciorraAnnabella,CopLand
SciorraAnnabella,MrJealousy
SciorraAnnabella,Highball
SciorraAnnabella,NewRoseHotel 
SciorraAnnabella,WhatDreamsMayCome
SciorraAnnabella,AboveSuspicion
SciorraAnnabella,KingOfTheJungle
SciorraAnnabella,OnceInTheLife
SciorraAnnabella,Domenica
SciorraAnnabella,SamTheMan
SciorraAnnabella,Jenifer
SciorraAnnabella,ChasingLiberty
SciorraAnnabella,AmericanCrime
SciorraAnnabella,12AndHolding
SciorraAnnabella,FindMeGuilty
SciorraAnnabella,Marvelous
SciorraAnnabella,AGreenStory
SciorraAnnabella,TheMaidsRoom
SciorraAnnabella,DonPeyote
SciorraAnnabella,FriendsAndRomans
SciorraAnnabella,WishinAndHopin
SciorraAnnabella,TheInherited
SciorraAnnabella,Alto
SciorraAnnabella,BackInTheday